{
	"class_name" : "PinholeCameraParameters",
	"extrinsic" : 
	[
		1.0,
		-0.0,
		-0.0,
		0.0,
		0.0,
		-1.0,
		-0.0,
		0.0,
		0.0,
		-0.0,
		-1.0,
		0.0,
		168.92395738106603,
		-316.13113101331999,
		-6.0149304108112673,
		1.0
	],
	"intrinsic" : 
	{
		"height" : 881,
		"intrinsic_matrix" : 
		[
			762.96838073409049,
			0.0,
			0.0,
			0.0,
			762.96838073409049,
			0.0,
			959.5,
			440.0,
			1.0
		],
		"width" : 1920
	},
	"version_major" : 1,
	"version_minor" : 0
}